{"count":1,"self":72.8881792,"total":72.9832088,"children":{"InitializeActuators":{"count":2,"self":0.0010088999999999999,"total":0.0010088999999999999,"children":null},"InitializeSensors":{"count":2,"self":0.0010004999999999999,"total":0.0010004999999999999,"children":null},"AgentSendState":{"count":3365,"self":0.0183632,"total":0.034267,"children":{"CollectObservations":{"count":1346,"self":0.0123521,"total":0.0123521,"children":null},"WriteActionMask":{"count":1346,"self":0.0020068,"total":0.0020068,"children":null},"RequestDecision":{"count":1346,"self":0.0015448999999999999,"total":0.0015448999999999999,"children":null}}},"DecideAction":{"count":3365,"self":0.012118799999999999,"total":0.012118799999999999,"children":null},"AgentAct":{"count":3365,"self":0.046632799999999995,"total":0.046632799999999995,"children":null}},"gauges":{"AgentBehavior.CumulativeReward":{"count":23,"max":1.5,"min":-5,"runningAverage":-1.17391312,"value":-1,"weightedAverage":-1.04516625}},"metadata":{"timer_format_version":"0.1.0","start_time_seconds":"1728943141","unity_version":"2023.2.13f1","command_line_arguments":"D:\\Unity\\2023.2.13f1\\Editor\\Unity.exe -projectpath D:\\Unity projets\\AI_Playground -useHub -hubIPC -cloudEnvironment production","communication_protocol_version":"1.5.0","com.unity.ml-agents_version":"3.0.0","scene_name":"SampleScene","end_time_seconds":"1728943214"}}